fold,best_epoch,val_loss,val_f1,val_precision,val_recall
0,86,1.923001036630012e-05,0.8340499997138977,0.9144506454467773,0.9292444586753845
1,69,1.4676389582746197e-05,0.8675931692123413,0.9401568174362183,0.9405450224876404
2,99,1.5762834664201364e-05,0.8821030855178833,0.9261409640312195,0.9539473652839661
3,98,1.8213697330793366e-05,0.8895740509033203,0.9217976331710815,0.9372660517692566
