fold,best_epoch,val_loss,val_f1,val_precision,val_recall
0,85,1.341424103884492e-05,0.8451724052429199,0.9589165449142456,0.9377777576446533
1,97,1.0861856026167516e-05,0.8840905427932739,0.9458034634590149,0.9631158709526062
2,94,5.21637084602844e-05,0.8957289457321167,0.8270731568336487,0.9508373141288757
3,90,1.1127644938824233e-05,0.9082677960395813,0.9495916366577148,0.9605008363723755