fold,best_epoch,val_loss,val_f1,val_precision,val_recall
0,99,1.7277445294894278e-05,0.8451746106147766,0.9361062049865723,0.9402666687965393
1,84,1.2824745681427885e-05,0.877892792224884,0.9511589407920837,0.948802649974823
2,95,1.7160888091893867e-05,0.8922651410102844,0.938879668712616,0.9462918639183044
3,88,1.2802716810256243e-05,0.8947787284851074,0.9411839842796326,0.9543048739433289
