fold,best_epoch,val_loss,val_f1,val_precision,val_recall
0,98,1.5908271961961873e-05,0.8413006067276001,0.9097782373428345,0.9626666903495789
1,54,1.7721626136335544e-05,0.8684682846069336,0.9209677577018738,0.9430223107337952
2,80,4.4216223614057526e-05,0.8821218609809875,0.8164840936660767,0.9361243844032288
3,96,1.3669749023392797e-05,0.8951891660690308,0.9446814060211182,0.9434620141983032
