fold,best_epoch,val_loss,val_f1,val_precision,val_recall
1,96,1.3678366485692095e-05,0.8541548252105713,0.9364443421363831,0.9560889005661011
2,93,1.1141323739138898e-05,0.8909990191459656,0.944699227809906,0.9639416337013245
3,99,1.8202743376605213e-05,0.8953293561935425,0.9248831868171692,0.9470095634460449
4,93,1.1402649761294015e-05,0.9037972688674927,0.9469262957572937,0.960371732711792
