fold,best_epoch,val_loss,val_f1,val_precision,val_recall
0,88,1.2800450349459425e-05,0.8435092568397522,0.9411661028862,0.9498666524887085
1,96,1.1190717486897483e-05,0.8916932940483093,0.9324039816856384,0.9757775664329529
2,73,1.8026385077973828e-05,0.8928271532058716,0.9272791147232056,0.9502392411231995
3,98,1.0713217307056766e-05,0.900396466255188,0.9600261449813843,0.9486252665519714
