fold,best_epoch,val_loss,val_f1,val_precision,val_recall
1,96,1.208629419124918e-05,0.8569219708442688,0.9478398561477661,0.9594666957855225
2,95,1.0114121323567815e-05,0.896131694316864,0.9532506465911865,0.9625653624534607
3,86,1.091664580599172e-05,0.9015511274337769,0.9494500160217285,0.970574140548706
4,99,9.688683348940685e-06,0.9045847058296204,0.951836347579956,0.9668258428573608
