fold,best_epoch,val_loss,val_f1,val_precision,val_recall
0,90,1.2159598554717377e-05,0.8481401801109314,0.9482021927833557,0.9470221996307373
1,98,1.0540798939473461e-05,0.8930659890174866,0.9492626190185547,0.965593159198761
2,90,1.4006176570546813e-05,0.8983367085456848,0.932585597038269,0.964712917804718
3,67,1.2098650586267468e-05,0.9020918607711792,0.9494677186012268,0.9555957317352295
