fold,best_epoch,val_loss,val_f1,val_precision,val_recall
0,97,1.3383398254518397e-05,0.8333284854888916,0.9427000284194946,0.9447110891342163
1,88,1.2083341061952524e-05,0.8785877823829651,0.9428263306617737,0.9622901082038879
2,95,1.9026549125555903e-05,0.8937088251113892,0.9227790236473083,0.9691387414932251
3,79,1.261668967345031e-05,0.8941782116889954,0.9434082508087158,0.9532722234725952
