fold,best_epoch,val_loss,val_f1,val_precision,val_recall
0,98,1.4772820577491075e-05,0.8359674215316772,0.9544709324836731,0.9317333102226257
1,79,1.209301444760058e-05,0.8789144158363342,0.9421131014823914,0.9609138369560242
2,95,3.8581980334129184e-05,0.8915312886238098,0.8722283244132996,0.9504784941673279
3,94,1.2439484635251574e-05,0.892920196056366,0.9515877366065979,0.9438492059707642
