fold,best_epoch,val_loss,val_f1,val_precision,val_recall
0,74,1.5726847777841613e-05,0.8409040570259094,0.9468738436698914,0.9315555691719055
1,95,1.1921523764613084e-05,0.8813619613647461,0.9504188895225525,0.9523809552192688
2,80,1.3128573300491553e-05,0.8906485438346863,0.9575322270393372,0.9412679672241211
3,79,1.2071055607520975e-05,0.8908915519714355,0.9508853554725647,0.9496579170227051
