fold,best_epoch,val_loss,val_f1,val_precision,val_recall
0,96,1.4205282241164241e-05,0.8452509641647339,0.9527161121368408,0.9384889006614685
1,87,1.1051391084038187e-05,0.8878210783004761,0.9432461857795715,0.9629782438278198
2,99,2.5899678803398274e-05,0.8965719938278198,0.9015422463417053,0.9649521708488464
3,91,1.687333860900253e-05,0.9010006785392761,0.9129472374916077,0.9584355354309082
