fold,best_epoch,val_loss,val_f1,val_precision,val_recall
0,96,1.3137393580109347e-05,0.8472920060157776,0.9424638152122498,0.9493333101272583
1,75,1.1480672583275009e-05,0.8910031914710999,0.9522244930267334,0.9573355317115784
2,99,1.501437509432435e-05,0.8972105979919434,0.9338516592979431,0.9625598192214966
3,82,1.1842674211948179e-05,0.9002278447151184,0.955578625202179,0.9496579170227051
