fold,best_epoch,val_loss,val_f1,val_precision,val_recall
0,76,1.3149879123375285e-05,0.8509234189987183,0.9500089287757874,0.9459555745124817
1,92,9.859361853159498e-06,0.8932148814201355,0.9552462697029114,0.9635287523269653
2,97,1.0670130905054975e-05,0.9068208932876587,0.9659022092819214,0.9521530866622925
3,81,9.971376130124554e-06,0.9049972295761108,0.9568076133728027,0.957919180393219