fold,best_epoch,val_loss,val_f1,val_precision,val_recall
0,81,1.4035808817425277e-05,0.8428840637207031,0.916919469833374,0.9672889113426208
1,92,1.147316288552247e-05,0.8911713361740112,0.9423437714576721,0.9672446846961975
2,93,1.0976473276969045e-05,0.9009634256362915,0.9550361633300781,0.9629186391830444
3,96,1.1222404282307252e-05,0.902727484703064,0.9630551338195801,0.9488834142684937
