fold,best_epoch,val_loss,val_f1,val_precision,val_recall
0,89,1.2345828508841805e-05,0.8479409217834473,0.9400873184204102,0.9567999839782715
1,96,1.0113788448506966e-05,0.89214688539505,0.963953971862793,0.9569226503372192
2,92,1.0651032425812446e-05,0.9028661847114563,0.9655635356903076,0.9458134174346924
3,89,1.2177421922388021e-05,0.9032807350158691,0.9573267102241516,0.941138505935669
